cic_syscallsbinders_adware,cas,-1,2,20,20,15,100,500,100,0.1,0.894736842,0.333333333,1200,1
cic_syscallsbinders_adware,fcn,-1,2,100,100,15,100,500,100,0.1,0.894736842,0.333333333,400,1
cic_syscallsbinders_adware,mis,-1,2,100,100,15,100,500,100,0.1,0.952380952,0,300,1
cic_syscallsbinders_adware,mfid,200,-1,-1,-1,15,100,500,100,0.1,0.952380952,0,200,1
cic_syscallsbinders_adware,fixed,-1,-1,-1,-1,15,100,500,100,0.1,0.894736842,0.333333333,1500,1
cic_syscallsbinders_adware,cas,-1,2,20,20,15,100,500,100,0.1,0.926829268,0,500,2
cic_syscallsbinders_adware,fcn,-1,2,100,100,15,100,500,100,0.1,0.952380952,0,1500,2
cic_syscallsbinders_adware,mis,-1,2,100,100,15,100,500,100,0.1,0.926829268,0,2100,2
cic_syscallsbinders_adware,mfid,200,-1,-1,-1,15,100,500,100,0.1,0.95,0.5,300,2
cic_syscallsbinders_adware,fixed,-1,-1,-1,-1,15,100,500,100,0.1,0.926829268,0,1500,2
cic_syscallsbinders_adware,cas,-1,2,20,20,15,100,500,100,0.1,0.952380952,0,500,3
cic_syscallsbinders_adware,fcn,-1,2,100,100,15,100,500,100,0.1,0.952380952,0,1600,3
cic_syscallsbinders_adware,mis,-1,2,100,100,15,100,500,100,0.1,0.952380952,0,700,3
cic_syscallsbinders_adware,mfid,200,-1,-1,-1,15,100,500,100,0.1,0.952380952,0,200,3
cic_syscallsbinders_adware,fixed,-1,-1,-1,-1,15,100,500,100,0.1,0.952380952,0,1500,3
cic_syscallsbinders_adware,cas,-1,2,20,20,15,100,500,100,0.1,0.975609756,0.666666667,700,4
cic_syscallsbinders_adware,fcn,-1,2,100,100,15,100,500,100,0.1,0.952380952,0,200,4
cic_syscallsbinders_adware,mis,-1,2,100,100,15,100,500,100,0.1,0.975609756,0.666666667,400,4
cic_syscallsbinders_adware,mfid,200,-1,-1,-1,15,100,500,100,0.1,0.975609756,0.666666667,100,4
cic_syscallsbinders_adware,fixed,-1,-1,-1,-1,15,100,500,100,0.1,0.975609756,0.666666667,1500,4
cic_syscallsbinders_adware,cas,-1,2,20,20,15,100,500,100,0.1,0.742857143,0,1100,5
cic_syscallsbinders_adware,fcn,-1,2,100,100,15,100,500,100,0.1,0.952380952,0,3000,5
cic_syscallsbinders_adware,mis,-1,2,100,100,15,100,500,100,0.1,0.952380952,0,300,5
cic_syscallsbinders_adware,mfid,200,-1,-1,-1,15,100,500,100,0.1,0.620689655,0.266666667,1000,5
cic_syscallsbinders_adware,fixed,-1,-1,-1,-1,15,100,500,100,0.1,0.952380952,0,1500,5
cic_syscallsbinders_adware,cas,-1,2,20,20,15,100,500,100,0.2,0.829268293,0,800,1
cic_syscallsbinders_adware,fcn,-1,2,100,100,15,100,500,100,0.2,0.909090909,0,1900,1
cic_syscallsbinders_adware,mis,-1,2,100,100,15,100,500,100,0.2,0.88372093,0,300,1
cic_syscallsbinders_adware,mfid,200,-1,-1,-1,15,100,500,100,0.2,0.551724138,0.315789474,1200,1
cic_syscallsbinders_adware,fixed,-1,-1,-1,-1,15,100,500,100,0.2,0.909090909,0,1500,1
cic_syscallsbinders_adware,cas,-1,2,20,20,15,100,500,100,0.2,0.904761905,0.333333333,1400,2
cic_syscallsbinders_adware,fcn,-1,2,100,100,15,100,500,100,0.2,0.909090909,0,500,2
cic_syscallsbinders_adware,mis,-1,2,100,100,15,100,500,100,0.2,0.909090909,0,300,2
cic_syscallsbinders_adware,mfid,200,-1,-1,-1,15,100,500,100,0.2,0.909090909,0,100,2
cic_syscallsbinders_adware,fixed,-1,-1,-1,-1,15,100,500,100,0.2,0.904761905,0.333333333,1500,2
cic_syscallsbinders_adware,cas,-1,2,20,20,15,100,500,100,0.2,0.8,0,1400,3
cic_syscallsbinders_adware,fcn,-1,2,100,100,15,100,500,100,0.2,0.857142857,0,1700,3
cic_syscallsbinders_adware,mis,-1,2,100,100,15,100,500,100,0.2,0.829268293,0,1100,3
cic_syscallsbinders_adware,mfid,200,-1,-1,-1,15,100,500,100,0.2,0.871794872,0.444444444,900,3
cic_syscallsbinders_adware,fixed,-1,-1,-1,-1,15,100,500,100,0.2,0.909090909,0,1500,3
cic_syscallsbinders_adware,cas,-1,2,20,20,15,100,500,100,0.2,0.909090909,0,200,4
cic_syscallsbinders_adware,fcn,-1,2,100,100,15,100,500,100,0.2,0.930232558,0.4,700,4
cic_syscallsbinders_adware,mis,-1,2,100,100,15,100,500,100,0.2,0.930232558,0.4,700,4
cic_syscallsbinders_adware,mfid,200,-1,-1,-1,15,100,500,100,0.2,0.909090909,0,100,4
cic_syscallsbinders_adware,fixed,-1,-1,-1,-1,15,100,500,100,0.2,0.909090909,0,1500,4
cic_syscallsbinders_adware,cas,-1,2,20,20,15,100,500,100,0.2,0.930232558,0.4,1400,5
cic_syscallsbinders_adware,fcn,-1,2,100,100,15,100,500,100,0.2,0.909090909,0,1200,5
cic_syscallsbinders_adware,mis,-1,2,100,100,15,100,500,100,0.2,0.871794872,0.444444444,800,5
cic_syscallsbinders_adware,mfid,200,-1,-1,-1,15,100,500,100,0.2,0.5,0.3,700,5
cic_syscallsbinders_adware,fixed,-1,-1,-1,-1,15,100,500,100,0.2,0.909090909,0,1500,5
cic_syscallsbinders_adware,cas,-1,2,20,20,15,100,500,100,0.3,0,0.375,1600,1
cic_syscallsbinders_adware,fcn,-1,2,100,100,15,100,500,100,0.3,0.888888889,0.285714286,600,1
cic_syscallsbinders_adware,mis,-1,2,100,100,15,100,500,100,0.3,0.888888889,0.285714286,400,1
cic_syscallsbinders_adware,mfid,200,-1,-1,-1,15,100,500,100,0.3,0.88372093,0.444444444,400,1
cic_syscallsbinders_adware,fixed,-1,-1,-1,-1,15,100,500,100,0.3,0.857142857,0.4,1500,1
cic_syscallsbinders_adware,cas,-1,2,20,20,15,100,500,100,0.3,0.844444444,0,1000,2
cic_syscallsbinders_adware,fcn,-1,2,100,100,15,100,500,100,0.3,0.829268293,0.363636364,2000,2
cic_syscallsbinders_adware,mis,-1,2,100,100,15,100,500,100,0.3,0.844444444,0,400,2
cic_syscallsbinders_adware,mfid,200,-1,-1,-1,15,100,500,100,0.3,0.685714286,0.352941176,200,2
cic_syscallsbinders_adware,fixed,-1,-1,-1,-1,15,100,500,100,0.3,0.685714286,0.352941176,1500,2
cic_syscallsbinders_adware,cas,-1,2,20,20,15,100,500,100,0.3,0.818181818,0,2000,3
cic_syscallsbinders_adware,fcn,-1,2,100,100,15,100,500,100,0.3,0.818181818,0,1300,3
cic_syscallsbinders_adware,mis,-1,2,100,100,15,100,500,100,0.3,0.818181818,0,1500,3
cic_syscallsbinders_adware,mfid,200,-1,-1,-1,15,100,500,100,0.3,0.789473684,0.428571429,1300,3
cic_syscallsbinders_adware,fixed,-1,-1,-1,-1,15,100,500,100,0.3,0.769230769,0.307692308,1500,3
cic_syscallsbinders_adware,cas,-1,2,20,20,15,100,500,100,0.3,0.869565217,0,600,4
cic_syscallsbinders_adware,fcn,-1,2,100,100,15,100,500,100,0.3,0.869565217,0,3700,4
cic_syscallsbinders_adware,mis,-1,2,100,100,15,100,500,100,0.3,0.869565217,0,1900,4
cic_syscallsbinders_adware,mfid,200,-1,-1,-1,15,100,500,100,0.3,0.869565217,0,100,4
cic_syscallsbinders_adware,fixed,-1,-1,-1,-1,15,100,500,100,0.3,0.88372093,0.444444444,1500,4
cic_syscallsbinders_adware,cas,-1,2,20,20,15,100,500,100,0.3,0.705882353,0.444444444,700,5
cic_syscallsbinders_adware,fcn,-1,2,100,100,15,100,500,100,0.3,0.80952381,0.2,2000,5
cic_syscallsbinders_adware,mis,-1,2,100,100,15,100,500,100,0.3,0.580645161,0.380952381,500,5
cic_syscallsbinders_adware,mfid,200,-1,-1,-1,15,100,500,100,0.3,0.869565217,0,200,5
cic_syscallsbinders_adware,fixed,-1,-1,-1,-1,15,100,500,100,0.3,0.80952381,0.2,1500,5
cic_syscallsbinders_adware,cas,-1,2,20,20,15,100,500,100,0.4,0.80952381,0.428571429,1100,1
cic_syscallsbinders_adware,fcn,-1,2,100,100,15,100,500,100,0.4,0.782608696,0,1100,1
cic_syscallsbinders_adware,mis,-1,2,100,100,15,100,500,100,0.4,0.782608696,0,500,1
cic_syscallsbinders_adware,mfid,200,-1,-1,-1,15,100,500,100,0.4,0.606060606,0.434782609,100,1
cic_syscallsbinders_adware,fixed,-1,-1,-1,-1,15,100,500,100,0.4,0.685714286,0.476190476,1500,1
cic_syscallsbinders_adware,cas,-1,2,20,20,15,100,500,100,0.4,0.808510638,0,200,2
cic_syscallsbinders_adware,fcn,-1,2,100,100,15,100,500,100,0.4,0.808510638,0,500,2
cic_syscallsbinders_adware,mis,-1,2,100,100,15,100,500,100,0.4,0.808510638,0,500,2
cic_syscallsbinders_adware,mfid,200,-1,-1,-1,15,100,500,100,0.4,0.833333333,0,200,2
cic_syscallsbinders_adware,fixed,-1,-1,-1,-1,15,100,500,100,0.4,0.808510638,0,1500,2
cic_syscallsbinders_adware,cas,-1,2,20,20,15,100,500,100,0.4,0.647058824,0.454545455,1200,3
cic_syscallsbinders_adware,fcn,-1,2,100,100,15,100,500,100,0.4,0.833333333,0,300,3
cic_syscallsbinders_adware,mis,-1,2,100,100,15,100,500,100,0.4,0.833333333,0,300,3
cic_syscallsbinders_adware,mfid,200,-1,-1,-1,15,100,500,100,0.4,0.85106383,0.222222222,100,3
cic_syscallsbinders_adware,fixed,-1,-1,-1,-1,15,100,500,100,0.4,0.742857143,0.571428571,1500,3
cic_syscallsbinders_adware,cas,-1,2,20,20,15,100,500,100,0.4,0.833333333,0,200,4
cic_syscallsbinders_adware,fcn,-1,2,100,100,15,100,500,100,0.4,0.844444444,0.363636364,2600,4
cic_syscallsbinders_adware,mis,-1,2,100,100,15,100,500,100,0.4,0.833333333,0,400,4
cic_syscallsbinders_adware,mfid,200,-1,-1,-1,15,100,500,100,0.4,0.833333333,0,200,4
cic_syscallsbinders_adware,fixed,-1,-1,-1,-1,15,100,500,100,0.4,0.818181818,0.333333333,1500,4
cic_syscallsbinders_adware,cas,-1,2,20,20,15,100,500,100,0.4,0.833333333,0,400,5
cic_syscallsbinders_adware,fcn,-1,2,100,100,15,100,500,100,0.4,0.833333333,0,900,5
cic_syscallsbinders_adware,mis,-1,2,100,100,15,100,500,100,0.4,0.808510638,0,400,5
cic_syscallsbinders_adware,mfid,200,-1,-1,-1,15,100,500,100,0.4,0.833333333,0,200,5
cic_syscallsbinders_adware,fixed,-1,-1,-1,-1,15,100,500,100,0.4,0.80952381,0.428571429,1500,5
cic_syscallsbinders_adware,cas,-1,2,20,20,15,100,500,200,0.1,0.952380952,0,300,1
cic_syscallsbinders_adware,fcn,-1,2,100,100,15,100,500,200,0.1,0.952380952,0,800,1
cic_syscallsbinders_adware,mis,-1,2,100,100,15,100,500,200,0.1,0.952380952,0,300,1
cic_syscallsbinders_adware,mfid,200,-1,-1,-1,15,100,500,200,0.1,0.952380952,0,100,1
cic_syscallsbinders_adware,fixed,-1,-1,-1,-1,15,100,500,200,0.1,0.952380952,0,1500,1
cic_syscallsbinders_adware,cas,-1,2,20,20,15,100,500,200,0.1,0.939759036,0,1000,2
cic_syscallsbinders_adware,fcn,-1,2,100,100,15,100,500,200,0.1,0.925,0.25,100,2
cic_syscallsbinders_adware,mis,-1,2,100,100,15,100,500,200,0.1,0.952380952,0,1700,2
cic_syscallsbinders_adware,mfid,200,-1,-1,-1,15,100,500,200,0.1,0.913580247,0,700,2
cic_syscallsbinders_adware,fixed,-1,-1,-1,-1,15,100,500,200,0.1,0.952380952,0,1500,2
cic_syscallsbinders_adware,cas,-1,2,20,20,15,100,500,200,0.1,0.926829268,0,1900,3
cic_syscallsbinders_adware,fcn,-1,2,100,100,15,100,500,200,0.1,0.926829268,0,400,3
cic_syscallsbinders_adware,mis,-1,2,100,100,15,100,500,200,0.1,0.952380952,0,2500,3
cic_syscallsbinders_adware,mfid,200,-1,-1,-1,15,100,500,200,0.1,0.952380952,0,200,3
cic_syscallsbinders_adware,fixed,-1,-1,-1,-1,15,100,500,200,0.1,0.926829268,0,1500,3
cic_syscallsbinders_adware,cas,-1,2,20,20,15,100,500,200,0.1,0.952380952,0,200,4
cic_syscallsbinders_adware,fcn,-1,2,100,100,15,100,500,200,0.1,0.842105263,0,200,4
cic_syscallsbinders_adware,mis,-1,2,100,100,15,100,500,200,0.1,0.913580247,0,200,4
cic_syscallsbinders_adware,mfid,200,-1,-1,-1,15,100,500,200,0.1,0.963855422,0.4,300,4
cic_syscallsbinders_adware,fixed,-1,-1,-1,-1,15,100,500,200,0.1,0.936708861,0.444444444,1500,4
cic_syscallsbinders_adware,cas,-1,2,20,20,15,100,500,200,0.1,0.925,0.25,700,5
cic_syscallsbinders_adware,fcn,-1,2,100,100,15,100,500,200,0.1,0.938271605,0.285714286,1500,5
cic_syscallsbinders_adware,mis,-1,2,100,100,15,100,500,200,0.1,0.938271605,0.285714286,300,5
cic_syscallsbinders_adware,mfid,200,-1,-1,-1,15,100,500,200,0.1,0.952380952,0,300,5
cic_syscallsbinders_adware,fixed,-1,-1,-1,-1,15,100,500,200,0.1,0.938271605,0.285714286,1500,5
cic_syscallsbinders_adware,cas,-1,2,20,20,15,100,500,200,0.2,0.891566265,0.307692308,2300,1
cic_syscallsbinders_adware,fcn,-1,2,100,100,15,100,500,200,0.2,0.896551724,0,1200,1
cic_syscallsbinders_adware,mis,-1,2,100,100,15,100,500,200,0.2,0.909090909,0,400,1
cic_syscallsbinders_adware,mfid,200,-1,-1,-1,15,100,500,200,0.2,0.909090909,0,100,1
cic_syscallsbinders_adware,fixed,-1,-1,-1,-1,15,100,500,200,0.2,0.915662651,0.461538462,1500,1
cic_syscallsbinders_adware,cas,-1,2,20,20,15,100,500,200,0.2,0.909090909,0,1100,2
cic_syscallsbinders_adware,fcn,-1,2,100,100,15,100,500,200,0.2,0.909090909,0,400,2
cic_syscallsbinders_adware,mis,-1,2,100,100,15,100,500,200,0.2,0.909090909,0,100,2
cic_syscallsbinders_adware,mfid,200,-1,-1,-1,15,100,500,200,0.2,0.909090909,0,200,2
cic_syscallsbinders_adware,fixed,-1,-1,-1,-1,15,100,500,200,0.2,0.909090909,0,1500,2
cic_syscallsbinders_adware,cas,-1,2,20,20,15,100,500,200,0.2,0.896551724,0,2500,3
cic_syscallsbinders_adware,fcn,-1,2,100,100,15,100,500,200,0.2,0.894117647,0.181818182,200,3
cic_syscallsbinders_adware,mis,-1,2,100,100,15,100,500,200,0.2,0.909090909,0,200,3
cic_syscallsbinders_adware,mfid,200,-1,-1,-1,15,100,500,200,0.2,0.894117647,0.181818182,100,3
cic_syscallsbinders_adware,fixed,-1,-1,-1,-1,15,100,500,200,0.2,0.896551724,0,1500,3
cic_syscallsbinders_adware,cas,-1,2,20,20,15,100,500,200,0.2,0.909090909,0,400,4
cic_syscallsbinders_adware,fcn,-1,2,100,100,15,100,500,200,0.2,0.909090909,0,1600,4
cic_syscallsbinders_adware,mis,-1,2,100,100,15,100,500,200,0.2,0.909090909,0,1000,4
cic_syscallsbinders_adware,mfid,200,-1,-1,-1,15,100,500,200,0.2,0.794871795,0.111111111,100,4
cic_syscallsbinders_adware,fixed,-1,-1,-1,-1,15,100,500,200,0.2,0.909090909,0,1500,4
cic_syscallsbinders_adware,cas,-1,2,20,20,15,100,500,200,0.2,0.839506173,0.133333333,1800,5
cic_syscallsbinders_adware,fcn,-1,2,100,100,15,100,500,200,0.2,0.909090909,0,1000,5
cic_syscallsbinders_adware,mis,-1,2,100,100,15,100,500,200,0.2,0.839506173,0.133333333,1500,5
cic_syscallsbinders_adware,mfid,200,-1,-1,-1,15,100,500,200,0.2,0.909090909,0,200,5
cic_syscallsbinders_adware,fixed,-1,-1,-1,-1,15,100,500,200,0.2,0.853658537,0.142857143,1500,5
cic_syscallsbinders_adware,cas,-1,2,20,20,15,100,500,200,0.3,0.853932584,0.133333333,1100,1
cic_syscallsbinders_adware,fcn,-1,2,100,100,15,100,500,200,0.3,0.869565217,0,300,1
cic_syscallsbinders_adware,mis,-1,2,100,100,15,100,500,200,0.3,0.810126582,0.4,500,1
cic_syscallsbinders_adware,mfid,200,-1,-1,-1,15,100,500,200,0.3,0.753623188,0.514285714,500,1
cic_syscallsbinders_adware,fixed,-1,-1,-1,-1,15,100,500,200,0.3,0.863636364,0.25,1500,1
cic_syscallsbinders_adware,cas,-1,2,20,20,15,100,500,200,0.3,0.75,0.4375,200,2
cic_syscallsbinders_adware,fcn,-1,2,100,100,15,100,500,200,0.3,0.869565217,0,1000,2
cic_syscallsbinders_adware,mis,-1,2,100,100,15,100,500,200,0.3,0.857142857,0,1000,2
cic_syscallsbinders_adware,mfid,200,-1,-1,-1,15,100,500,200,0.3,0.392156863,0.41509434,200,2
cic_syscallsbinders_adware,fixed,-1,-1,-1,-1,15,100,500,200,0.3,0.863636364,0.25,1500,2
cic_syscallsbinders_adware,cas,-1,2,20,20,15,100,500,200,0.3,0.785714286,0.1,1900,3
cic_syscallsbinders_adware,fcn,-1,2,100,100,15,100,500,200,0.3,0.857142857,0,400,3
cic_syscallsbinders_adware,mis,-1,2,100,100,15,100,500,200,0.3,0.869565217,0,300,3
cic_syscallsbinders_adware,mfid,200,-1,-1,-1,15,100,500,200,0.3,0.805555556,0.5625,100,3
cic_syscallsbinders_adware,fixed,-1,-1,-1,-1,15,100,500,200,0.3,0.753623188,0.514285714,1500,3
cic_syscallsbinders_adware,cas,-1,2,20,20,15,100,500,200,0.3,0.708860759,0.08,2100,4
cic_syscallsbinders_adware,fcn,-1,2,100,100,15,100,500,200,0.3,0.831460674,0,1700,4
cic_syscallsbinders_adware,mis,-1,2,100,100,15,100,500,200,0.3,0.666666667,0.421052632,1900,4
cic_syscallsbinders_adware,mfid,200,-1,-1,-1,15,100,500,200,0.3,0.857142857,0,200,4
cic_syscallsbinders_adware,fixed,-1,-1,-1,-1,15,100,500,200,0.3,0.869565217,0,1500,4
cic_syscallsbinders_adware,cas,-1,2,20,20,15,100,500,200,0.3,0.869565217,0,1700,5
cic_syscallsbinders_adware,fcn,-1,2,100,100,15,100,500,200,0.3,0.869565217,0,2600,5
cic_syscallsbinders_adware,mis,-1,2,100,100,15,100,500,200,0.3,0.869565217,0,1100,5
cic_syscallsbinders_adware,mfid,200,-1,-1,-1,15,100,500,200,0.3,0.869565217,0,200,5
cic_syscallsbinders_adware,fixed,-1,-1,-1,-1,15,100,500,200,0.3,0.869565217,0,1500,5
cic_syscallsbinders_adware,cas,-1,2,20,20,15,100,500,200,0.4,0.586206897,0.555555556,800,1
cic_syscallsbinders_adware,fcn,-1,2,100,100,15,100,500,200,0.4,0.833333333,0,300,1
cic_syscallsbinders_adware,mis,-1,2,100,100,15,100,500,200,0.4,0.833333333,0,300,1
cic_syscallsbinders_adware,mfid,200,-1,-1,-1,15,100,500,200,0.4,0.596491228,0.581818182,200,1
cic_syscallsbinders_adware,fixed,-1,-1,-1,-1,15,100,500,200,0.4,0.794520548,0.615384615,1500,1
cic_syscallsbinders_adware,cas,-1,2,20,20,15,100,500,200,0.4,0.75862069,0.16,1100,2
cic_syscallsbinders_adware,fcn,-1,2,100,100,15,100,500,200,0.4,0.75862069,0.16,600,2
cic_syscallsbinders_adware,mis,-1,2,100,100,15,100,500,200,0.4,0.804347826,0.1,400,2
cic_syscallsbinders_adware,mfid,200,-1,-1,-1,15,100,500,200,0.4,0.833333333,0,100,2
cic_syscallsbinders_adware,fixed,-1,-1,-1,-1,15,100,500,200,0.4,0.75862069,0.16,1500,2
cic_syscallsbinders_adware,cas,-1,2,20,20,15,100,500,200,0.4,0.817204301,0.105263158,500,3
cic_syscallsbinders_adware,fcn,-1,2,100,100,15,100,500,200,0.4,0.833333333,0,2600,3
cic_syscallsbinders_adware,mis,-1,2,100,100,15,100,500,200,0.4,0.833333333,0,700,3
cic_syscallsbinders_adware,mfid,200,-1,-1,-1,15,100,500,200,0.4,0.833333333,0,200,3
cic_syscallsbinders_adware,fixed,-1,-1,-1,-1,15,100,500,200,0.4,0.842105263,0.117647059,1500,3
cic_syscallsbinders_adware,cas,-1,2,20,20,15,100,500,200,0.4,0.790697674,0.307692308,4900,4
cic_syscallsbinders_adware,fcn,-1,2,100,100,15,100,500,200,0.4,0.833333333,0,1800,4
cic_syscallsbinders_adware,mis,-1,2,100,100,15,100,500,200,0.4,0.833333333,0,1700,4
cic_syscallsbinders_adware,mfid,200,-1,-1,-1,15,100,500,200,0.4,0.756097561,0.333333333,100,4
cic_syscallsbinders_adware,fixed,-1,-1,-1,-1,15,100,500,200,0.4,0.833333333,0,1500,4
cic_syscallsbinders_adware,cas,-1,2,20,20,15,100,500,200,0.4,0.739726027,0.512820513,1200,5
cic_syscallsbinders_adware,fcn,-1,2,100,100,15,100,500,200,0.4,0.8,0.181818182,300,5
cic_syscallsbinders_adware,mis,-1,2,100,100,15,100,500,200,0.4,0.833333333,0,1800,5
cic_syscallsbinders_adware,mfid,200,-1,-1,-1,15,100,500,200,0.4,0.444444444,0.482758621,100,5
cic_syscallsbinders_adware,fixed,-1,-1,-1,-1,15,100,500,200,0.4,0.795698925,0,1500,5
cic_syscallsbinders_adware,cas,-1,2,20,20,15,100,500,500,0.1,0.90052356,0.344827586,500,1
cic_syscallsbinders_adware,fcn,-1,2,100,100,15,100,500,500,0.1,0.952380952,0,300,1
cic_syscallsbinders_adware,mis,-1,2,100,100,15,100,500,500,0.1,0.952380952,0,300,1
cic_syscallsbinders_adware,mfid,200,-1,-1,-1,15,100,500,500,0.1,0.952380952,0,200,1
cic_syscallsbinders_adware,fixed,-1,-1,-1,-1,15,100,500,500,0.1,0.947368421,0,1500,1
cic_syscallsbinders_adware,cas,-1,2,20,20,15,100,500,500,0.1,0.952380952,0,500,2
cic_syscallsbinders_adware,fcn,-1,2,100,100,15,100,500,500,0.1,0.952380952,0,300,2
cic_syscallsbinders_adware,mis,-1,2,100,100,15,100,500,500,0.1,0.952380952,0,300,2
cic_syscallsbinders_adware,mfid,200,-1,-1,-1,15,100,500,500,0.1,0.941747573,0.142857143,100,2
cic_syscallsbinders_adware,fixed,-1,-1,-1,-1,15,100,500,500,0.1,0.952380952,0,1500,2
cic_syscallsbinders_adware,cas,-1,2,20,20,15,100,500,500,0.1,0.952380952,0,300,3
cic_syscallsbinders_adware,fcn,-1,2,100,100,15,100,500,500,0.1,0.935960591,0.235294118,800,3
cic_syscallsbinders_adware,mis,-1,2,100,100,15,100,500,500,0.1,0.952380952,0,1300,3
cic_syscallsbinders_adware,mfid,200,-1,-1,-1,15,100,500,500,0.1,0.952380952,0,500,3
cic_syscallsbinders_adware,fixed,-1,-1,-1,-1,15,100,500,500,0.1,0.952380952,0,1500,3
cic_syscallsbinders_adware,cas,-1,2,20,20,15,100,500,500,0.1,0.910891089,0,700,4
cic_syscallsbinders_adware,fcn,-1,2,100,100,15,100,500,500,0.1,0.952380952,0,100,4
cic_syscallsbinders_adware,mis,-1,2,100,100,15,100,500,500,0.1,0.952380952,0,2300,4
cic_syscallsbinders_adware,mfid,200,-1,-1,-1,15,100,500,500,0.1,0.952380952,0,200,4
cic_syscallsbinders_adware,fixed,-1,-1,-1,-1,15,100,500,500,0.1,0.921568627,0,1500,4
cic_syscallsbinders_adware,cas,-1,2,20,20,15,100,500,500,0.1,0.91,0.1,1500,5
cic_syscallsbinders_adware,fcn,-1,2,100,100,15,100,500,500,0.1,0.952380952,0,1000,5
cic_syscallsbinders_adware,mis,-1,2,100,100,15,100,500,500,0.1,0.952380952,0,200,5
cic_syscallsbinders_adware,mfid,200,-1,-1,-1,15,100,500,500,0.1,0.952380952,0,1000,5
cic_syscallsbinders_adware,fixed,-1,-1,-1,-1,15,100,500,500,0.1,0.91,0.1,1500,5
cic_syscallsbinders_adware,cas,-1,2,20,20,15,100,500,500,0.2,0.872037915,0.068965517,600,1
cic_syscallsbinders_adware,fcn,-1,2,100,100,15,100,500,500,0.2,0.909090909,0,2200,1
cic_syscallsbinders_adware,mis,-1,2,100,100,15,100,500,500,0.2,0.909090909,0,300,1
cic_syscallsbinders_adware,mfid,200,-1,-1,-1,15,100,500,500,0.2,0.909090909,0,100,1
cic_syscallsbinders_adware,fixed,-1,-1,-1,-1,15,100,500,500,0.2,0.909090909,0,1500,1
cic_syscallsbinders_adware,cas,-1,2,20,20,15,100,500,500,0.2,0.886792453,0.142857143,4700,2
cic_syscallsbinders_adware,fcn,-1,2,100,100,15,100,500,500,0.2,0.909090909,0,500,2
cic_syscallsbinders_adware,mis,-1,2,100,100,15,100,500,500,0.2,0.909090909,0,500,2
cic_syscallsbinders_adware,mfid,200,-1,-1,-1,15,100,500,500,0.2,0.909090909,0,100,2
cic_syscallsbinders_adware,fixed,-1,-1,-1,-1,15,100,500,500,0.2,0.882629108,0.074074074,1500,2
cic_syscallsbinders_adware,cas,-1,2,20,20,15,100,500,500,0.2,0.882352941,0.333333333,800,3
cic_syscallsbinders_adware,fcn,-1,2,100,100,15,100,500,500,0.2,0.902325581,0.16,100,3
cic_syscallsbinders_adware,mis,-1,2,100,100,15,100,500,500,0.2,0.909090909,0,300,3
cic_syscallsbinders_adware,mfid,200,-1,-1,-1,15,100,500,500,0.2,0.909090909,0,300,3
cic_syscallsbinders_adware,fixed,-1,-1,-1,-1,15,100,500,500,0.2,0.902325581,0.16,1500,3
cic_syscallsbinders_adware,cas,-1,2,20,20,15,100,500,500,0.2,0.906542056,0.230769231,1300,4
cic_syscallsbinders_adware,fcn,-1,2,100,100,15,100,500,500,0.2,0.909090909,0,300,4
cic_syscallsbinders_adware,mis,-1,2,100,100,15,100,500,500,0.2,0.909090909,0,300,4
cic_syscallsbinders_adware,mfid,200,-1,-1,-1,15,100,500,500,0.2,0.909090909,0,1200,4
cic_syscallsbinders_adware,fixed,-1,-1,-1,-1,15,100,500,500,0.2,0.896226415,0.214285714,1500,4
cic_syscallsbinders_adware,cas,-1,2,20,20,15,100,500,500,0.2,0.909090909,0,2900,5
cic_syscallsbinders_adware,fcn,-1,2,100,100,15,100,500,500,0.2,0.909090909,0,400,5
cic_syscallsbinders_adware,mis,-1,2,100,100,15,100,500,500,0.2,0.913242009,0.095238095,400,5
cic_syscallsbinders_adware,mfid,200,-1,-1,-1,15,100,500,500,0.2,0.904109589,0,100,5
cic_syscallsbinders_adware,fixed,-1,-1,-1,-1,15,100,500,500,0.2,0.857142857,0.216216216,1500,5
cic_syscallsbinders_adware,cas,-1,2,20,20,15,100,500,500,0.3,0.831050228,0.097560976,1500,1
cic_syscallsbinders_adware,fcn,-1,2,100,100,15,100,500,500,0.3,0.80952381,0.2,700,1
cic_syscallsbinders_adware,mis,-1,2,100,100,15,100,500,500,0.3,0.834123223,0.285714286,700,1
cic_syscallsbinders_adware,mfid,200,-1,-1,-1,15,100,500,500,0.3,0.836363636,0.1,300,1
cic_syscallsbinders_adware,fixed,-1,-1,-1,-1,15,100,500,500,0.3,0.840425532,0.583333333,1500,1
cic_syscallsbinders_adware,cas,-1,2,20,20,15,100,500,500,0.3,0.851851852,0.272727273,600,2
cic_syscallsbinders_adware,fcn,-1,2,100,100,15,100,500,500,0.3,0.872246696,0.121212121,300,2
cic_syscallsbinders_adware,mis,-1,2,100,100,15,100,500,500,0.3,0.873362445,0.064516129,200,2
cic_syscallsbinders_adware,mfid,200,-1,-1,-1,15,100,500,500,0.3,0.873362445,0.064516129,200,2
cic_syscallsbinders_adware,fixed,-1,-1,-1,-1,15,100,500,500,0.3,0.847926267,0.23255814,1500,2
cic_syscallsbinders_adware,cas,-1,2,20,20,15,100,500,500,0.3,0.871111111,0.171428571,1800,3
cic_syscallsbinders_adware,fcn,-1,2,100,100,15,100,500,500,0.3,0.863436123,0.060606061,500,3
cic_syscallsbinders_adware,mis,-1,2,100,100,15,100,500,500,0.3,0.869565217,0,900,3
cic_syscallsbinders_adware,mfid,200,-1,-1,-1,15,100,500,500,0.3,0.816901408,0.170212766,300,3
cic_syscallsbinders_adware,fixed,-1,-1,-1,-1,15,100,500,500,0.3,0.855855856,0.157894737,1500,3
cic_syscallsbinders_adware,cas,-1,2,20,20,15,100,500,500,0.3,0.868421053,0.0625,2500,4
cic_syscallsbinders_adware,fcn,-1,2,100,100,15,100,500,500,0.3,0.873362445,0.064516129,2100,4
cic_syscallsbinders_adware,mis,-1,2,100,100,15,100,500,500,0.3,0.882882883,0.315789474,2100,4
cic_syscallsbinders_adware,mfid,200,-1,-1,-1,15,100,500,500,0.3,0.73,0.1,200,4
cic_syscallsbinders_adware,fixed,-1,-1,-1,-1,15,100,500,500,0.3,0.835680751,0.255319149,1500,4
cic_syscallsbinders_adware,cas,-1,2,20,20,15,100,500,500,0.3,0.843137255,0.428571429,800,5
cic_syscallsbinders_adware,fcn,-1,2,100,100,15,100,500,500,0.3,0.847619048,0.36,2400,5
cic_syscallsbinders_adware,mis,-1,2,100,100,15,100,500,500,0.3,0.869565217,0,200,5
cic_syscallsbinders_adware,mfid,200,-1,-1,-1,15,100,500,500,0.3,0.869565217,0,100,5
cic_syscallsbinders_adware,fixed,-1,-1,-1,-1,15,100,500,500,0.3,0.849315068,0.195121951,1500,5
cic_syscallsbinders_adware,cas,-1,2,20,20,15,100,500,500,0.4,0.836820084,0.048780488,200,1
cic_syscallsbinders_adware,fcn,-1,2,100,100,15,100,500,500,0.4,0.836820084,0.048780488,300,1
cic_syscallsbinders_adware,mis,-1,2,100,100,15,100,500,500,0.4,0.829059829,0.130434783,400,1
cic_syscallsbinders_adware,mfid,200,-1,-1,-1,15,100,500,500,0.4,0.824034335,0.127659574,100,1
cic_syscallsbinders_adware,fixed,-1,-1,-1,-1,15,100,500,500,0.4,0.818181818,0.333333333,1500,1
cic_syscallsbinders_adware,cas,-1,2,20,20,15,100,500,500,0.4,0.833333333,0,500,2
cic_syscallsbinders_adware,fcn,-1,2,100,100,15,100,500,500,0.4,0.840336134,0.095238095,2000,2
cic_syscallsbinders_adware,mis,-1,2,100,100,15,100,500,500,0.4,0.806451613,0.617021277,2600,2
cic_syscallsbinders_adware,mfid,200,-1,-1,-1,15,100,500,500,0.4,0.849056604,0.529411765,200,2
cic_syscallsbinders_adware,fixed,-1,-1,-1,-1,15,100,500,500,0.4,0.814814815,0.375,1500,2
cic_syscallsbinders_adware,cas,-1,2,20,20,15,100,500,500,0.4,0.833333333,0,1100,3
cic_syscallsbinders_adware,fcn,-1,2,100,100,15,100,500,500,0.4,0.840336134,0.095238095,2000,3
cic_syscallsbinders_adware,mis,-1,2,100,100,15,100,500,500,0.4,0.836820084,0.048780488,2000,3
cic_syscallsbinders_adware,mfid,200,-1,-1,-1,15,100,500,500,0.4,0.836820084,0.048780488,100,3
cic_syscallsbinders_adware,fixed,-1,-1,-1,-1,15,100,500,500,0.4,0.836820084,0.048780488,1500,3
cic_syscallsbinders_adware,cas,-1,2,20,20,15,100,500,500,0.4,0.839285714,0.357142857,400,4
cic_syscallsbinders_adware,fcn,-1,2,100,100,15,100,500,500,0.4,0.836820084,0.048780488,2100,4
cic_syscallsbinders_adware,mis,-1,2,100,100,15,100,500,500,0.4,0.828828829,0.344827586,300,4
cic_syscallsbinders_adware,mfid,200,-1,-1,-1,15,100,500,500,0.4,0.854700855,0.260869565,200,4
cic_syscallsbinders_adware,fixed,-1,-1,-1,-1,15,100,500,500,0.4,0.833333333,0,1500,4
cic_syscallsbinders_adware,cas,-1,2,20,20,15,100,500,500,0.4,0.8125,0.25,1500,5
cic_syscallsbinders_adware,fcn,-1,2,100,100,15,100,500,500,0.4,0.606451613,0.512,200,5
cic_syscallsbinders_adware,mis,-1,2,100,100,15,100,500,500,0.4,0.744680851,0.47826087,400,5
cic_syscallsbinders_adware,mfid,200,-1,-1,-1,15,100,500,500,0.4,0.819047619,0.457142857,200,5
cic_syscallsbinders_adware,fixed,-1,-1,-1,-1,15,100,500,500,0.4,0.817777778,0.254545455,1500,5
cic_syscallsbinders_adware,cas,-1,2,20,20,15,100,500,1000,0.1,0.952380952,0,1000,1
cic_syscallsbinders_adware,fcn,-1,2,100,100,15,100,500,1000,0.1,0.942307692,0,500,1
cic_syscallsbinders_adware,mis,-1,2,100,100,15,100,500,1000,0.1,0.942307692,0,500,1
cic_syscallsbinders_adware,mfid,200,-1,-1,-1,15,100,500,1000,0.1,0.952380952,0,100,1
cic_syscallsbinders_adware,fixed,-1,-1,-1,-1,15,100,500,1000,0.1,0.952380952,0,1500,1
cic_syscallsbinders_adware,cas,-1,2,20,20,15,100,500,1000,0.1,0.918918919,0,600,2
cic_syscallsbinders_adware,fcn,-1,2,100,100,15,100,500,1000,0.1,0.952380952,0,2300,2
cic_syscallsbinders_adware,mis,-1,2,100,100,15,100,500,1000,0.1,0.952380952,0,200,2
cic_syscallsbinders_adware,mfid,200,-1,-1,-1,15,100,500,1000,0.1,0.952380952,0,100,2
cic_syscallsbinders_adware,fixed,-1,-1,-1,-1,15,100,500,1000,0.1,0.952380952,0,1500,2
cic_syscallsbinders_adware,cas,-1,2,20,20,15,100,500,1000,0.1,0.944038929,0.206896552,1300,3
cic_syscallsbinders_adware,fcn,-1,2,100,100,15,100,500,1000,0.1,0.952380952,0,2800,3
cic_syscallsbinders_adware,mis,-1,2,100,100,15,100,500,1000,0.1,0.952380952,0,300,3
cic_syscallsbinders_adware,mfid,200,-1,-1,-1,15,100,500,1000,0.1,0.952380952,0,200,3
cic_syscallsbinders_adware,fixed,-1,-1,-1,-1,15,100,500,1000,0.1,0.952380952,0,1500,3
cic_syscallsbinders_adware,cas,-1,2,20,20,15,100,500,1000,0.1,0.909547739,0.142857143,1400,4
cic_syscallsbinders_adware,fcn,-1,2,100,100,15,100,500,1000,0.1,0.916876574,0.23255814,800,4
cic_syscallsbinders_adware,mis,-1,2,100,100,15,100,500,1000,0.1,0.946859903,0.153846154,800,4
cic_syscallsbinders_adware,mfid,200,-1,-1,-1,15,100,500,1000,0.1,0.952380952,0,100,4
cic_syscallsbinders_adware,fixed,-1,-1,-1,-1,15,100,500,1000,0.1,0.920792079,0.111111111,1500,4
cic_syscallsbinders_adware,cas,-1,2,20,20,15,100,500,1000,0.1,0.952380952,0,3900,5
cic_syscallsbinders_adware,fcn,-1,2,100,100,15,100,500,1000,0.1,0.952380952,0,2500,5
cic_syscallsbinders_adware,mis,-1,2,100,100,15,100,500,1000,0.1,0.952380952,0,100,5
cic_syscallsbinders_adware,mfid,200,-1,-1,-1,15,100,500,1000,0.1,0.941463415,0.2,900,5
cic_syscallsbinders_adware,fixed,-1,-1,-1,-1,15,100,500,1000,0.1,0.952380952,0,1500,5
cic_syscallsbinders_adware,cas,-1,2,20,20,15,100,500,1000,0.2,0.887323944,0.111111111,1100,1
cic_syscallsbinders_adware,fcn,-1,2,100,100,15,100,500,1000,0.2,0.906605923,0,1000,1
cic_syscallsbinders_adware,mis,-1,2,100,100,15,100,500,1000,0.2,0.898148148,0.083333333,500,1
cic_syscallsbinders_adware,mfid,200,-1,-1,-1,15,100,500,1000,0.2,0.869791667,0.479166667,300,1
cic_syscallsbinders_adware,fixed,-1,-1,-1,-1,15,100,500,1000,0.2,0.884160757,0.140350877,1500,1
cic_syscallsbinders_adware,cas,-1,2,20,20,15,100,500,1000,0.2,0.829268293,0.432432432,400,2
cic_syscallsbinders_adware,fcn,-1,2,100,100,15,100,500,1000,0.2,0.913242009,0.095238095,900,2
cic_syscallsbinders_adware,mis,-1,2,100,100,15,100,500,1000,0.2,0.910755149,0.093023256,900,2
cic_syscallsbinders_adware,mfid,200,-1,-1,-1,15,100,500,1000,0.2,0.833802817,0.528,200,2
cic_syscallsbinders_adware,fixed,-1,-1,-1,-1,15,100,500,1000,0.2,0.910798122,0.296296296,1500,2
cic_syscallsbinders_adware,cas,-1,2,20,20,15,100,500,1000,0.2,0.880778589,0.289855072,2100,3
cic_syscallsbinders_adware,fcn,-1,2,100,100,15,100,500,1000,0.2,0.913242009,0.095238095,2300,3
cic_syscallsbinders_adware,mis,-1,2,100,100,15,100,500,1000,0.2,0.913242009,0.095238095,1500,3
cic_syscallsbinders_adware,mfid,200,-1,-1,-1,15,100,500,1000,0.2,0.921296296,0.291666667,400,3
cic_syscallsbinders_adware,fixed,-1,-1,-1,-1,15,100,500,1000,0.2,0.911161731,0.048780488,1500,3
cic_syscallsbinders_adware,cas,-1,2,20,20,15,100,500,1000,0.2,0.907407407,0.166666667,2400,4
cic_syscallsbinders_adware,fcn,-1,2,100,100,15,100,500,1000,0.2,0.911161731,0.048780488,2000,4
cic_syscallsbinders_adware,mis,-1,2,100,100,15,100,500,1000,0.2,0.911161731,0.048780488,2000,4
cic_syscallsbinders_adware,mfid,200,-1,-1,-1,15,100,500,1000,0.2,0.90617849,0.046511628,100,4
cic_syscallsbinders_adware,fixed,-1,-1,-1,-1,15,100,500,1000,0.2,0.908653846,0.40625,1500,4
cic_syscallsbinders_adware,cas,-1,2,20,20,15,100,500,1000,0.2,0.913242009,0.095238095,2400,5
cic_syscallsbinders_adware,fcn,-1,2,100,100,15,100,500,1000,0.2,0.909090909,0,100,5
cic_syscallsbinders_adware,mis,-1,2,100,100,15,100,500,1000,0.2,0.910755149,0.093023256,300,5
cic_syscallsbinders_adware,mfid,200,-1,-1,-1,15,100,500,1000,0.2,0.906921241,0.360655738,200,5
cic_syscallsbinders_adware,fixed,-1,-1,-1,-1,15,100,500,1000,0.2,0.90430622,0.35483871,1500,5
cic_syscallsbinders_adware,cas,-1,2,20,20,15,100,500,1000,0.3,0.872641509,0.4375,700,1
cic_syscallsbinders_adware,fcn,-1,2,100,100,15,100,500,1000,0.3,0.871459695,0.032786885,2500,1
cic_syscallsbinders_adware,mis,-1,2,100,100,15,100,500,1000,0.3,0.873362445,0.064516129,2600,1
cic_syscallsbinders_adware,mfid,200,-1,-1,-1,15,100,500,1000,0.3,0.869565217,0,1000,1
cic_syscallsbinders_adware,fixed,-1,-1,-1,-1,15,100,500,1000,0.3,0.879818594,0.329113924,1500,1
cic_syscallsbinders_adware,cas,-1,2,20,20,15,100,500,1000,0.3,0.885714286,0.52,2600,2
cic_syscallsbinders_adware,fcn,-1,2,100,100,15,100,500,1000,0.3,0.865470852,0.189189189,1200,2
cic_syscallsbinders_adware,mis,-1,2,100,100,15,100,500,1000,0.3,0.883408072,0.297297297,6100,2
cic_syscallsbinders_adware,mfid,200,-1,-1,-1,15,100,500,1000,0.3,0.874680307,0.620155039,100,2
cic_syscallsbinders_adware,fixed,-1,-1,-1,-1,15,100,500,1000,0.3,0.871046229,0.513761468,1500,2
cic_syscallsbinders_adware,cas,-1,2,20,20,15,100,500,1000,0.3,0.853881279,0.219512195,1100,3
cic_syscallsbinders_adware,fcn,-1,2,100,100,15,100,500,1000,0.3,0.869565217,0,2200,3
cic_syscallsbinders_adware,mis,-1,2,100,100,15,100,500,1000,0.3,0.876923077,0.630769231,2300,3
cic_syscallsbinders_adware,mfid,200,-1,-1,-1,15,100,500,1000,0.3,0.865248227,0.412371134,200,3
cic_syscallsbinders_adware,fixed,-1,-1,-1,-1,15,100,500,1000,0.3,0.883295195,0.385542169,1500,3
cic_syscallsbinders_adware,cas,-1,2,20,20,15,100,500,1000,0.3,0.836781609,0.164705882,700,4
cic_syscallsbinders_adware,fcn,-1,2,100,100,15,100,500,1000,0.3,0.796561605,0.584795322,600,4
cic_syscallsbinders_adware,mis,-1,2,100,100,15,100,500,1000,0.3,0.858560794,0.512820513,500,4
cic_syscallsbinders_adware,mfid,200,-1,-1,-1,15,100,500,1000,0.3,0.871459695,0.032786885,100,4
cic_syscallsbinders_adware,fixed,-1,-1,-1,-1,15,100,500,1000,0.3,0.820512821,0.153846154,1500,4
cic_syscallsbinders_adware,cas,-1,2,20,20,15,100,500,1000,0.3,0.837209302,0.526315789,1100,5
cic_syscallsbinders_adware,fcn,-1,2,100,100,15,100,500,1000,0.3,0.861618799,0.613138686,200,5
cic_syscallsbinders_adware,mis,-1,2,100,100,15,100,500,1000,0.3,0.655844156,0.5,300,5
cic_syscallsbinders_adware,mfid,200,-1,-1,-1,15,100,500,1000,0.3,0.88,0.228571429,100,5
cic_syscallsbinders_adware,fixed,-1,-1,-1,-1,15,100,500,1000,0.3,0.88691796,0.260869565,1500,5
cic_syscallsbinders_adware,cas,-1,2,20,20,15,100,500,1000,0.4,0.804469274,0.653465347,2400,1
cic_syscallsbinders_adware,fcn,-1,2,100,100,15,100,500,1000,0.4,0.82788671,0.217821782,800,1
cic_syscallsbinders_adware,mis,-1,2,100,100,15,100,500,1000,0.4,0.832635983,0.024390244,1100,1
cic_syscallsbinders_adware,mfid,200,-1,-1,-1,15,100,500,1000,0.4,0.868486352,0.662420382,200,1
cic_syscallsbinders_adware,fixed,-1,-1,-1,-1,15,100,500,1000,0.4,0.809734513,0.203703704,1500,1
cic_syscallsbinders_adware,cas,-1,2,20,20,15,100,500,1000,0.4,0.833702882,0.311926606,800,2
cic_syscallsbinders_adware,fcn,-1,2,100,100,15,100,500,1000,0.4,0.863534676,0.460176991,1900,2
cic_syscallsbinders_adware,mis,-1,2,100,100,15,100,500,1000,0.4,0.843317972,0.46031746,2500,2
cic_syscallsbinders_adware,mfid,200,-1,-1,-1,15,100,500,1000,0.4,0.85492228,0.67816092,200,2
cic_syscallsbinders_adware,fixed,-1,-1,-1,-1,15,100,500,1000,0.4,0.830434783,0.22,1500,2
cic_syscallsbinders_adware,cas,-1,2,20,20,15,100,500,1000,0.4,0.848214286,0.392857143,200,3
cic_syscallsbinders_adware,fcn,-1,2,100,100,15,100,500,1000,0.4,0.878411911,0.687898089,400,3
cic_syscallsbinders_adware,mis,-1,2,100,100,15,100,500,1000,0.4,0.851936219,0.462809917,300,3
cic_syscallsbinders_adware,mfid,200,-1,-1,-1,15,100,500,1000,0.4,0.833684211,0.070588235,100,3
cic_syscallsbinders_adware,fixed,-1,-1,-1,-1,15,100,500,1000,0.4,0.831932773,0.047619048,1500,3
cic_syscallsbinders_adware,cas,-1,2,20,20,15,100,500,1000,0.4,0.841558442,0.651428571,1500,4
cic_syscallsbinders_adware,fcn,-1,2,100,100,15,100,500,1000,0.4,0.866520788,0.40776699,300,4
cic_syscallsbinders_adware,mis,-1,2,100,100,15,100,500,1000,0.4,0.873873874,0.517241379,400,4
cic_syscallsbinders_adware,mfid,200,-1,-1,-1,15,100,500,1000,0.4,0.850515464,0.662790698,100,4
cic_syscallsbinders_adware,fixed,-1,-1,-1,-1,15,100,500,1000,0.4,0.850678733,0.440677966,1500,4
cic_syscallsbinders_adware,cas,-1,2,20,20,15,100,500,1000,0.4,0.848758465,0.427350427,900,5
cic_syscallsbinders_adware,fcn,-1,2,100,100,15,100,500,1000,0.4,0.847880299,0.616352201,200,5
cic_syscallsbinders_adware,mis,-1,2,100,100,15,100,500,1000,0.4,0.83972912,0.393162393,5600,5
cic_syscallsbinders_adware,mfid,200,-1,-1,-1,15,100,500,1000,0.4,0.824884793,0.396825397,200,5
cic_syscallsbinders_adware,fixed,-1,-1,-1,-1,15,100,500,1000,0.4,0.750750751,0.634361233,1500,5
cic_syscallsbinders_adware,no_oversampling,-1,-1,-1,-1,-1,-1,-1,100,0.1,0.952380952,0,-1,1
cic_syscallsbinders_adware,no_oversampling,-1,-1,-1,-1,-1,-1,-1,100,0.1,0.952380952,0,-1,2
cic_syscallsbinders_adware,no_oversampling,-1,-1,-1,-1,-1,-1,-1,100,0.1,0.952380952,0,-1,3
cic_syscallsbinders_adware,no_oversampling,-1,-1,-1,-1,-1,-1,-1,100,0.1,0.952380952,0,-1,4
cic_syscallsbinders_adware,no_oversampling,-1,-1,-1,-1,-1,-1,-1,100,0.1,0.952380952,0,-1,5
cic_syscallsbinders_adware,no_oversampling,-1,-1,-1,-1,-1,-1,-1,100,0.2,0.909090909,0,-1,1
cic_syscallsbinders_adware,no_oversampling,-1,-1,-1,-1,-1,-1,-1,100,0.2,0.909090909,0,-1,2
cic_syscallsbinders_adware,no_oversampling,-1,-1,-1,-1,-1,-1,-1,100,0.2,0.909090909,0,-1,3
cic_syscallsbinders_adware,no_oversampling,-1,-1,-1,-1,-1,-1,-1,100,0.2,0.909090909,0,-1,4
cic_syscallsbinders_adware,no_oversampling,-1,-1,-1,-1,-1,-1,-1,100,0.2,0.909090909,0,-1,5
cic_syscallsbinders_adware,no_oversampling,-1,-1,-1,-1,-1,-1,-1,100,0.3,0.869565217,0,-1,1
cic_syscallsbinders_adware,no_oversampling,-1,-1,-1,-1,-1,-1,-1,100,0.3,0.869565217,0,-1,2
cic_syscallsbinders_adware,no_oversampling,-1,-1,-1,-1,-1,-1,-1,100,0.3,0.869565217,0,-1,3
cic_syscallsbinders_adware,no_oversampling,-1,-1,-1,-1,-1,-1,-1,100,0.3,0.869565217,0,-1,4
cic_syscallsbinders_adware,no_oversampling,-1,-1,-1,-1,-1,-1,-1,100,0.3,0.869565217,0,-1,5
cic_syscallsbinders_adware,no_oversampling,-1,-1,-1,-1,-1,-1,-1,100,0.4,0.833333333,0,-1,1
cic_syscallsbinders_adware,no_oversampling,-1,-1,-1,-1,-1,-1,-1,100,0.4,0.833333333,0,-1,2
cic_syscallsbinders_adware,no_oversampling,-1,-1,-1,-1,-1,-1,-1,100,0.4,0.833333333,0,-1,3
cic_syscallsbinders_adware,no_oversampling,-1,-1,-1,-1,-1,-1,-1,100,0.4,0.833333333,0,-1,4
cic_syscallsbinders_adware,no_oversampling,-1,-1,-1,-1,-1,-1,-1,100,0.4,0.833333333,0,-1,5
cic_syscallsbinders_adware,no_oversampling,-1,-1,-1,-1,-1,-1,-1,200,0.1,0.952380952,0,-1,1
cic_syscallsbinders_adware,no_oversampling,-1,-1,-1,-1,-1,-1,-1,200,0.1,0.952380952,0,-1,2
cic_syscallsbinders_adware,no_oversampling,-1,-1,-1,-1,-1,-1,-1,200,0.1,0.952380952,0,-1,3
cic_syscallsbinders_adware,no_oversampling,-1,-1,-1,-1,-1,-1,-1,200,0.1,0.952380952,0,-1,4
cic_syscallsbinders_adware,no_oversampling,-1,-1,-1,-1,-1,-1,-1,200,0.1,0.952380952,0,-1,5
cic_syscallsbinders_adware,no_oversampling,-1,-1,-1,-1,-1,-1,-1,200,0.2,0.909090909,0,-1,1
cic_syscallsbinders_adware,no_oversampling,-1,-1,-1,-1,-1,-1,-1,200,0.2,0.909090909,0,-1,2
cic_syscallsbinders_adware,no_oversampling,-1,-1,-1,-1,-1,-1,-1,200,0.2,0.909090909,0,-1,3
cic_syscallsbinders_adware,no_oversampling,-1,-1,-1,-1,-1,-1,-1,200,0.2,0.909090909,0,-1,4
cic_syscallsbinders_adware,no_oversampling,-1,-1,-1,-1,-1,-1,-1,200,0.2,0.909090909,0,-1,5
cic_syscallsbinders_adware,no_oversampling,-1,-1,-1,-1,-1,-1,-1,200,0.3,0.869565217,0,-1,1
cic_syscallsbinders_adware,no_oversampling,-1,-1,-1,-1,-1,-1,-1,200,0.3,0.869565217,0,-1,2
cic_syscallsbinders_adware,no_oversampling,-1,-1,-1,-1,-1,-1,-1,200,0.3,0.869565217,0,-1,3
cic_syscallsbinders_adware,no_oversampling,-1,-1,-1,-1,-1,-1,-1,200,0.3,0.869565217,0,-1,4
cic_syscallsbinders_adware,no_oversampling,-1,-1,-1,-1,-1,-1,-1,200,0.3,0.869565217,0,-1,5
cic_syscallsbinders_adware,no_oversampling,-1,-1,-1,-1,-1,-1,-1,200,0.4,0.833333333,0,-1,1
cic_syscallsbinders_adware,no_oversampling,-1,-1,-1,-1,-1,-1,-1,200,0.4,0.833333333,0,-1,2
cic_syscallsbinders_adware,no_oversampling,-1,-1,-1,-1,-1,-1,-1,200,0.4,0.833333333,0,-1,3
cic_syscallsbinders_adware,no_oversampling,-1,-1,-1,-1,-1,-1,-1,200,0.4,0.833333333,0,-1,4
cic_syscallsbinders_adware,no_oversampling,-1,-1,-1,-1,-1,-1,-1,200,0.4,0.833333333,0,-1,5
cic_syscallsbinders_adware,no_oversampling,-1,-1,-1,-1,-1,-1,-1,500,0.1,0.952380952,0,-1,1
cic_syscallsbinders_adware,no_oversampling,-1,-1,-1,-1,-1,-1,-1,500,0.1,0.952380952,0,-1,2
cic_syscallsbinders_adware,no_oversampling,-1,-1,-1,-1,-1,-1,-1,500,0.1,0.952380952,0,-1,3
cic_syscallsbinders_adware,no_oversampling,-1,-1,-1,-1,-1,-1,-1,500,0.1,0.952380952,0,-1,4
cic_syscallsbinders_adware,no_oversampling,-1,-1,-1,-1,-1,-1,-1,500,0.1,0.952380952,0,-1,5
cic_syscallsbinders_adware,no_oversampling,-1,-1,-1,-1,-1,-1,-1,500,0.2,0.909090909,0,-1,1
cic_syscallsbinders_adware,no_oversampling,-1,-1,-1,-1,-1,-1,-1,500,0.2,0.909090909,0,-1,2
cic_syscallsbinders_adware,no_oversampling,-1,-1,-1,-1,-1,-1,-1,500,0.2,0.909090909,0,-1,3
cic_syscallsbinders_adware,no_oversampling,-1,-1,-1,-1,-1,-1,-1,500,0.2,0.909090909,0,-1,4
cic_syscallsbinders_adware,no_oversampling,-1,-1,-1,-1,-1,-1,-1,500,0.2,0.909090909,0,-1,5
cic_syscallsbinders_adware,no_oversampling,-1,-1,-1,-1,-1,-1,-1,500,0.3,0.869565217,0,-1,1
cic_syscallsbinders_adware,no_oversampling,-1,-1,-1,-1,-1,-1,-1,500,0.3,0.869565217,0,-1,2
cic_syscallsbinders_adware,no_oversampling,-1,-1,-1,-1,-1,-1,-1,500,0.3,0.869565217,0,-1,3
cic_syscallsbinders_adware,no_oversampling,-1,-1,-1,-1,-1,-1,-1,500,0.3,0.869565217,0,-1,4
cic_syscallsbinders_adware,no_oversampling,-1,-1,-1,-1,-1,-1,-1,500,0.3,0.869565217,0,-1,5
cic_syscallsbinders_adware,no_oversampling,-1,-1,-1,-1,-1,-1,-1,500,0.4,0.833333333,0,-1,1
cic_syscallsbinders_adware,no_oversampling,-1,-1,-1,-1,-1,-1,-1,500,0.4,0.833333333,0,-1,2
cic_syscallsbinders_adware,no_oversampling,-1,-1,-1,-1,-1,-1,-1,500,0.4,0.836206897,0.208333333,-1,3
cic_syscallsbinders_adware,no_oversampling,-1,-1,-1,-1,-1,-1,-1,500,0.4,0.836820084,0.048780488,-1,4
cic_syscallsbinders_adware,no_oversampling,-1,-1,-1,-1,-1,-1,-1,500,0.4,0.833333333,0,-1,5
cic_syscallsbinders_adware,no_oversampling,-1,-1,-1,-1,-1,-1,-1,1000,0.1,0.952380952,0,-1,1
cic_syscallsbinders_adware,no_oversampling,-1,-1,-1,-1,-1,-1,-1,1000,0.1,0.952380952,0,-1,2
cic_syscallsbinders_adware,no_oversampling,-1,-1,-1,-1,-1,-1,-1,1000,0.1,0.952380952,0,-1,3
cic_syscallsbinders_adware,no_oversampling,-1,-1,-1,-1,-1,-1,-1,1000,0.1,0.952380952,0,-1,4
cic_syscallsbinders_adware,no_oversampling,-1,-1,-1,-1,-1,-1,-1,1000,0.1,0.952380952,0,-1,5
cic_syscallsbinders_adware,no_oversampling,-1,-1,-1,-1,-1,-1,-1,1000,0.2,0.909090909,0,-1,1
cic_syscallsbinders_adware,no_oversampling,-1,-1,-1,-1,-1,-1,-1,1000,0.2,0.909090909,0,-1,2
cic_syscallsbinders_adware,no_oversampling,-1,-1,-1,-1,-1,-1,-1,1000,0.2,0.911161731,0.048780488,-1,3
cic_syscallsbinders_adware,no_oversampling,-1,-1,-1,-1,-1,-1,-1,1000,0.2,0.909090909,0,-1,4
cic_syscallsbinders_adware,no_oversampling,-1,-1,-1,-1,-1,-1,-1,1000,0.2,0.909090909,0,-1,5
cic_syscallsbinders_adware,no_oversampling,-1,-1,-1,-1,-1,-1,-1,1000,0.3,0.874704492,0.453608247,-1,1
cic_syscallsbinders_adware,no_oversampling,-1,-1,-1,-1,-1,-1,-1,1000,0.3,0.869565217,0,-1,2
cic_syscallsbinders_adware,no_oversampling,-1,-1,-1,-1,-1,-1,-1,1000,0.3,0.869565217,0,-1,3
cic_syscallsbinders_adware,no_oversampling,-1,-1,-1,-1,-1,-1,-1,1000,0.3,0.871459695,0.032786885,-1,4
cic_syscallsbinders_adware,no_oversampling,-1,-1,-1,-1,-1,-1,-1,1000,0.3,0.871459695,0.032786885,-1,5
cic_syscallsbinders_adware,no_oversampling,-1,-1,-1,-1,-1,-1,-1,1000,0.4,0.845665962,0.16091954,-1,1
cic_syscallsbinders_adware,no_oversampling,-1,-1,-1,-1,-1,-1,-1,1000,0.4,0.833333333,0,-1,2
cic_syscallsbinders_adware,no_oversampling,-1,-1,-1,-1,-1,-1,-1,1000,0.4,0.835073069,0.024691358,-1,3
cic_syscallsbinders_adware,no_oversampling,-1,-1,-1,-1,-1,-1,-1,1000,0.4,0.836820084,0.048780488,-1,4
cic_syscallsbinders_adware,no_oversampling,-1,-1,-1,-1,-1,-1,-1,1000,0.4,0.848888889,0.381818182,-1,5